date,open,high,low,close,volume,turnover,open_adj,high_adj,low_adj,close_adj,volume_adj
2015-01-05,3566.0890000000004,3669.042,3551.51,3641.541,45119809800,519849817448.0,3566.0890000000004,3669.042,3551.51,3641.541,45119809800
2015-01-06,3608.428,3683.226,3587.231,3641.059,42096218500,498529588258.0,3608.428,3683.226,3587.231,3641.059,42096218500
2015-01-07,3620.924,3671.19,3601.698,3643.79,32019123200,398731720502.0,3620.924,3671.19,3601.698,3643.79,32019123200
2015-01-08,3650.073,3659.945,3552.1,3559.259,29500304500,355831967325.0,3650.073,3659.945,3552.1,3559.259,29500304500
2015-01-09,3547.574,3689.753,3536.395,3546.723,34998267200,430210592272.0,3547.574,3689.753,3536.395,3546.723,34998267200
2015-01-12,3531.515,3560.527,3461.322,3513.576,26656717500,334257133083.0,3531.515,3560.527,3461.322,3513.576,26656717500
2015-01-13,3506.451,3550.158,3494.768,3514.04,18715396500,250796676069.0,3506.451,3550.158,3494.768,3514.04,18715396500
2015-01-14,3522.907,3547.242,3471.56,3502.423,19601251000,241285837533.0,3522.907,3547.242,3471.56,3502.423,19601251000
2015-01-15,3501.719,3604.121,3482.27,3604.121,23781233800,303445351108.0,3501.719,3604.121,3482.27,3604.121,23781233800
2015-01-16,3616.248,3662.158,3601.258,3635.146,28268161400,355568710742.0,3616.248,3662.158,3601.258,3635.146,28268161400
2015-01-19,3414.013,3497.252,3330.981,3355.155,32950527500,366017532103.0,3414.013,3497.252,3330.981,3355.155,32950527500
2015-01-20,3336.793,3419.204,3325.681,3396.222,29784323200,381917903845.0,3336.793,3419.204,3325.681,3396.222,29784323200
2015-01-21,3420.491,3557.7940000000012,3409.43,3548.885,33792821000,425433704264.0,3420.491,3557.7940000000012,3409.43,3548.885,33792821000
2015-01-22,3551.052,3576.756,3520.053,3567.613,26885359900,345026040998.0,3551.052,3576.756,3520.053,3567.613,26885359900
2015-01-23,3582.088,3627.806,3548.626,3571.732,28017217200,361835546416.0,3582.088,3627.806,3548.626,3571.732,28017217200
2015-01-26,3580.118,3611.617,3559.376,3607.985,23976620300,309585710088.0,3580.118,3611.617,3559.376,3607.985,23976620300
2015-01-27,3614.038,3616.258,3510.017000000001,3574.931,28766917900,357548249621.0,3614.038,3616.258,3510.017000000001,3574.931,28766917900
2015-01-28,3547.239,3583.312,3512.393,3525.323,21622021400,278749164896.0,3547.239,3583.312,3512.393,3525.323,21622021400
2015-01-29,3474.915,3505.5820000000012,3453.901,3481.798,21161886000,251897926442.0,3474.915,3505.5820000000012,3453.901,3481.798,21161886000
2015-01-30,3496.885,3514.217,3431.936,3434.39,19647915700,237420793858.0,3496.885,3514.217,3431.936,3434.39,19647915700
2015-02-02,3360.193,3407.256,3347.085,3353.96,19518369900,224837769887.0,3360.193,3407.256,3347.085,3353.96,19518369900
2015-02-03,3388.602000000001,3441.709000000001,3360.717,3437.445,19284609600,241100023193.0,3388.602000000001,3441.709000000001,3360.717,3437.445,19284609600
2015-02-04,3446.144,3476.817,3399.565,3401.768,19130434900,244034297155.0,3446.144,3476.817,3399.565,3401.768,19130434900
2015-02-05,3487.951,3487.951,3366.862,3366.946,25043060900,311523669172.0,3487.951,3487.951,3366.862,3366.946,25043060900
2015-02-06,3352.33,3374.051,3285.935,3312.42,19266418600,221433183351.0,3352.33,3374.051,3285.935,3312.42,19266418600
2015-02-09,3305.7340000000013,3376.526,3298.597,3345.921,17235382000,220766525021.0,3305.7340000000013,3376.526,3298.597,3345.921,17235382000
2015-02-10,3345.077,3407.18,3339.548,3406.943,15930908800,199120680699.0,3345.077,3407.18,3339.548,3406.943,15930908800
2015-02-11,3415.977000000001,3445.655,3412.136,3434.124000000001,14461377200,185979219656.0,3415.977000000001,3445.655,3412.136,3434.124000000001,14461377200
2015-02-12,3435.361,3453.5820000000012,3405.627,3442.874000000001,15608169100,191285873488.0,3435.361,3453.5820000000012,3405.627,3442.874000000001,15608169100
2015-02-13,3458.827,3509.505,3452.079,3469.828,20108997100,247076153339.0,3458.827,3509.505,3452.079,3469.828,20108997100
2015-02-16,3473.289,3504.475,3466.607,3499.483,16564134300,222799721247.0,3473.289,3504.475,3466.607,3499.483,16564134300
2015-02-17,3511.5440000000012,3536.82,3511.093,3522.322,16532831300,214457267905.0,3511.5440000000012,3536.82,3511.093,3522.322,16532831300
2015-02-25,3529.55,3529.55,3463.955,3478.729000000001,16553935100,211739059322.0,3529.55,3529.55,3463.955,3478.729000000001,16553935100
2015-02-26,3473.713,3569.33,3456.871,3566.295,22932843800,279809075234.0,3473.713,3569.33,3456.871,3566.295,22932843800
2015-02-27,3565.233,3594.813,3560.455,3572.843,22278643800,271861944608.0,3565.233,3594.813,3560.455,3572.843,22278643800
2015-03-02,3603.452,3608.691,3566.527,3601.265,24817612500,325164897145.0,3603.452,3608.691,3566.527,3601.265,24817612500
2015-03-03,3579.315,3579.315,3504.201,3507.9,26186648900,335700118167.0,3579.315,3579.315,3504.201,3507.9,26186648900
2015-03-04,3514.667,3540.912000000001,3497.172,3530.822,19966398100,257468790961.0,3514.667,3540.912000000001,3497.172,3530.822,19966398100
2015-03-05,3513.249000000001,3517.083,3467.676,3496.344,21750880500,279030592350.0,3513.249000000001,3517.083,3467.676,3496.344,21750880500
2015-03-06,3501.184,3516.243,3472.392000000001,3478.52,18151805400,233468244766.0,3501.184,3516.243,3472.392000000001,3478.52,18151805400
2015-03-09,3449.696,3546.705,3417.486,3537.75,23394041100,277860471571.0,3449.696,3546.705,3417.486,3537.75,23394041100
2015-03-10,3523.64,3551.205,3511.985,3520.611,19426765700,245366625918.0,3523.64,3551.205,3511.985,3520.611,19426765700
2015-03-11,3524.575,3568.916,3512.218,3524.653,18894782500,235772755479.0,3524.575,3568.916,3512.218,3524.653,18894782500
2015-03-12,3557.686,3603.341,3536.534,3592.844,26566462500,322141249344.0,3557.686,3603.341,3536.534,3592.844,26566462500
2015-03-13,3604.671,3641.392,3594.742,3617.657,24686476800,297298516465.0,3604.671,3641.392,3594.742,3617.657,24686476800
2015-03-16,3641.773,3705.739,3621.119,3705.671,27543830700,358497570207.0,3641.773,3705.739,3621.119,3705.671,27543830700
2015-03-17,3733.961,3762.575,3716.809,3757.122,37162566600,455003825887.0,3733.961,3762.575,3716.809,3757.122,37162566600
2015-03-18,3769.086,3846.055,3763.848,3846.055,41519001100,484465529242.0,3769.086,3846.055,3763.848,3846.055,41519001100
2015-03-19,3851.249,3859.126,3809.706,3839.739,39154763000,463212821639.0,3851.249,3859.126,3809.706,3839.739,39154763000
2015-03-20,3852.492,3916.863,3832.416,3892.574,40181755200,544468374302.0,3852.492,3916.863,3832.416,3892.574,40181755200
2015-03-23,3923.083,3972.296,3922.21,3972.061,39111992200,519760220709.0,3923.083,3972.296,3922.21,3972.061,39111992200
2015-03-24,3980.066,3989.858,3883.782,3973.046,46858131200,591066800604.0,3980.066,3989.858,3883.782,3973.046,46858131200
2015-03-25,3961.578,3980.716,3913.988,3940.412,37996885100,501733891680.0,3961.578,3980.716,3913.988,3940.412,37996885100
2015-03-26,3921.745,3991.997,3892.878,3949.999,34675631500,468538490771.0,3921.745,3991.997,3892.878,3949.999,34675631500
2015-03-27,3957.542,3993.032,3932.87,3971.697,29875606400,393132347578.0,3957.542,3993.032,3932.87,3971.697,29875606400
2015-03-30,3999.024,4101.651,3999.024,4088.178,42829702000,546211078887.0,3999.024,4101.651,3999.024,4088.178,42829702000
2015-03-31,4138.885,4166.018,4037.771,4051.204,43606563500,598121732643.0,4138.885,4166.018,4037.771,4051.204,43606563500
2015-04-01,4057.501,4139.499,4046.939,4123.895,32951285300,466596904663.0,4057.501,4139.499,4046.939,4123.895,32951285300
2015-04-02,4149.946,4156.8420000000015,4068.649,4124.776,33907048700,476617837707.0,4149.946,4156.8420000000015,4068.649,4124.776,33907048700
2015-04-03,4104.672000000001,4170.558,4092.383,4170.538,32130376600,466965600575.0,4104.672000000001,4170.558,4092.383,4170.538,32130376600
2015-04-07,4213.894,4260.471,4197.019,4260.044,41536265400,564646323685.0,4213.894,4260.471,4197.019,4260.044,41536265400
2015-04-08,4277.45,4304.78,4204.826,4295.803,45867671500,658308062760.0,4277.45,4304.78,4204.826,4295.803,45867671500
2015-04-09,4316.958,4332.166,4212.611,4262.138,43969990200,650419151486.0,4316.958,4332.166,4212.611,4262.138,43969990200
2015-04-10,4249.383,4351.687,4231.196,4344.416,34819017000,509354291196.0,4249.383,4351.687,4231.196,4344.416,34819017000
2015-04-13,4394.047000000001,4432.024,4361.589,4421.073,43415303600,598518139930.0,4394.047000000001,4432.024,4361.589,4421.073,43415303600
2015-04-14,4432.126,4474.353,4385.9079999999985,4438.184,43443212600,602127441917.0,4432.126,4474.353,4385.9079999999985,4438.184,43443212600
2015-04-15,4439.314,4475.997,4379.609,4380.513,47215413100,596822875636.0,4439.314,4475.997,4379.609,4380.513,47215413100
2015-04-16,4355.491,4513.765,4335.63,4513.5459999999985,42260374800,564722844124.0,4355.491,4513.765,4335.63,4513.5459999999985,42260374800
2015-04-17,4578.679,4630.27,4553.904,4596.136,55280266300,733953610122.0,4578.679,4630.27,4553.904,4596.136,55280266300
2015-04-20,4615.0340000000015,4671.168,4492.6,4521.919,68643907500,939264904128.0,4615.0340000000015,4671.168,4492.6,4521.919,68643907500
2015-04-21,4520.460999999998,4620.058,4504.558,4619.164000000002,49031499100,685365027867.0,4520.460999999998,4620.058,4504.558,4619.164000000002,49031499100
2015-04-22,4637.055,4740.933,4632.589,4739.814,51621379200,769924803864.0,4637.055,4740.933,4632.589,4739.814,51621379200
2015-04-23,4764.481,4782.044,4693.9670000000015,4740.892,49743095400,752258236225.0,4764.481,4782.044,4693.9670000000015,4740.892,49743095400
2015-04-24,4682.626,4730.43,4618.318,4702.641,48015293600,721273097490.0,4682.626,4730.43,4618.318,4702.641,48015293600
2015-04-27,4753.871,4810.485,4735.31,4807.5920000000015,51307654800,765910402328.0,4753.871,4810.485,4735.31,4807.5920000000015,51307654800
2015-04-28,4811.319,4839.078,4703.567,4741.861,60863854500,860349875255.0,4811.319,4839.078,4703.567,4741.861,60863854500
2015-04-29,4722.903,4797.927,4695.793,4774.326,39505698000,601676350605.0,4722.903,4797.927,4695.793,4774.326,39505698000
2015-04-30,4788.412,4818.725,4749.485,4749.886,39972744400,612511415165.0,4788.412,4818.725,4749.485,4749.886,39972744400
2015-05-04,4757.637,4795.915,4699.398,4787.741,37784385300,565453373624.0,4757.637,4795.915,4699.398,4787.741,37784385300
2015-05-05,4785.192,4785.192,4572.983,4596.837,46041962600,660020218474.0,4785.192,4785.192,4572.983,4596.837,46041962600
2015-05-06,4626.231,4700.9090000000015,4511.761,4553.327,37607370200,586033987365.0,4626.231,4700.9090000000015,4511.761,4553.327,37607370200
2015-05-07,4520.818,4546.338,4467.459,4470.089,29775920300,427189953161.0,4520.818,4546.338,4467.459,4470.089,29775920300
2015-05-08,4515.554,4559.058,4445.5920000000015,4558.404,30240796700,452090694881.0,4515.554,4559.058,4445.5920000000015,4558.404,30240796700
2015-05-11,4582.0909999999985,4690.9540000000015,4535.149,4690.532,37383842000,583260408778.0,4582.0909999999985,4690.9540000000015,4535.149,4690.532,37383842000
2015-05-12,4692.122,4748.004,4660.016,4747.4209999999985,37705389100,607123299939.0,4692.122,4748.004,4660.016,4747.4209999999985,37705389100
2015-05-13,4746.713,4758.002,4678.845,4718.436,37073042400,590479847838.0,4746.713,4758.002,4678.845,4718.436,37073042400
2015-05-14,4717.955,4735.2840000000015,4670.168,4700.778,33772515200,513219655550.0,4717.955,4735.2840000000015,4670.168,4700.778,33772515200
2015-05-15,4690.755,4690.755,4592.05,4617.47,32843116600,506695010176.0,4690.755,4690.755,4592.05,4617.47,32843116600
2015-05-18,4582.058,4623.383,4565.061,4575.236,26918048900,434083129375.0,4582.058,4623.383,4565.061,4575.236,26918048900
2015-05-19,4577.637,4740.005,4577.637,4731.222,31478595200,524232160128.0,4577.637,4740.005,4577.637,4731.222,31478595200
2015-05-20,4751.572,4843.1,4745.21,4754.919,36318074800,589956272979.0,4751.572,4843.1,4745.21,4754.919,36318074800
2015-05-21,4768.689,4841.615,4746.029,4840.976,30505453700,505346105539.0,4768.689,4841.615,4746.029,4840.976,30505453700
2015-05-22,4895.925,4951.991,4870.598,4951.335,45584671800,719129953200.0,4895.925,4951.991,4870.598,4951.335,45584671800
2015-05-25,4949.11,5099.839,4949.11,5099.495,46573659000,757085825931.0,4949.11,5099.839,4949.11,5099.495,46573659000
2015-05-26,5140.798,5199.295,5063.146,5198.918,48794935900,802295843467.0,5140.798,5199.295,5063.146,5198.918,48794935900
2015-05-27,5216.17,5226.844,5126.861,5181.434,47079873000,777826309129.0,5216.17,5226.844,5126.861,5181.434,47079873000
2015-05-28,5174.101,5213.183,4831.3290000000015,4834.007000000001,57182904700,873207363731.0,5174.101,5213.183,4831.3290000000015,4834.007000000001,57182904700
2015-05-29,4839.53,4924.303,4665.521,4840.8290000000015,42787885900,636008152610.0,4839.53,4924.303,4665.521,4840.8290000000015,42787885900
2015-06-01,4862.7559999999985,5079.319,4835.774,5076.179,41750374100,637843681462.0,4862.7559999999985,5079.319,4835.774,5076.179,41750374100
2015-06-02,5091.272,5162.556,5047.081,5161.87,41297319600,658452859697.0,5091.272,5162.556,5047.081,5161.87,41297319600
2015-06-03,5176.597,5186.9670000000015,5059.495,5143.59,41425827000,672056532157.0,5176.597,5186.9670000000015,5059.495,5143.59,41425827000
2015-06-04,5156.012,5194.233,4863.465,5181.416,48276726800,735170669363.0,5156.012,5194.233,4863.465,5181.416,48276726800
2015-06-05,5254.905,5288.34,5104.178,5230.552,54596119600,855224403052.0,5254.905,5288.34,5104.178,5230.552,54596119600
2015-06-08,5259.408,5370.609,5202.595,5353.751,63731323700,949498013951.0,5259.408,5370.609,5202.595,5353.751,63731323700
2015-06-09,5379.47,5380.426,5251.208000000001,5317.460999999998,57042726300,871431819564.0,5379.47,5380.426,5251.208000000001,5317.460999999998,57042726300
2015-06-10,5254.304,5374.83,5209.68,5309.111999999999,44216567600,711509256785.0,5254.304,5374.83,5209.68,5309.111999999999,44216567600
2015-06-11,5305.141,5329.295,5248.163000000001,5306.59,39233875500,660584867997.0,5305.141,5329.295,5248.163000000001,5306.59,39233875500
2015-06-12,5329.278,5351.648,5283.085999999998,5335.115,43013138600,694213173337.0,5329.278,5351.648,5283.085999999998,5335.115,43013138600
2015-06-15,5354.014,5362.451999999998,5207.308,5221.167,47574570300,766237730233.0,5354.014,5362.451999999998,5207.308,5221.167,47574570300
2015-06-16,5165.025,5204.303,5015.265,5064.821,41167563800,651522532247.0,5165.025,5204.303,5015.265,5064.821,41167563800
2015-06-17,5072.306,5158.367,4949.293,5138.831,39712418700,589868366440.0,5072.306,5158.367,4949.293,5138.831,39712418700
2015-06-18,5107.695,5121.218,4926.429,4930.549,36439581400,555646755662.0,5107.695,5121.218,4926.429,4930.549,36439581400
2015-06-19,4847.057,4910.45,4634.691,4637.052,35810474400,519609575034.0,4847.057,4910.45,4634.691,4637.052,35810474400
2015-06-23,4641.425,4786.955,4455.33,4786.0909999999985,36508794400,536984113004.0,4641.425,4786.955,4455.33,4786.0909999999985,36508794400
2015-06-24,4811.595,4883.732,4744.306,4880.126,43463872300,615374085939.0,4811.595,4883.732,4744.306,4880.126,43463872300
2015-06-25,4906.242,4919.263,4667.224,4706.516,44613598200,640246401379.0,4906.242,4919.263,4667.224,4706.516,44613598200
2015-06-26,4573.872,4650.186,4278.675,4336.195,44663979000,612959478689.0,4573.872,4650.186,4278.675,4336.195,44663979000
2015-06-29,4446.8420000000015,4451.166,4000.926,4191.549,52566248200,704014548847.0,4446.8420000000015,4451.166,4000.926,4191.549,52566248200
2015-06-30,4161.067,4475.767,4016.013,4472.998,52704528000,716045824698.0,4161.067,4475.767,4016.013,4472.998,52704528000
2015-07-01,4408.984,4526.127,4235.696,4253.021,43172141100,623330596858.0,4408.984,4526.127,4235.696,4253.021,43172141100
2015-07-02,4287.734,4312.19,4000.061,4107.996,45706219400,593506685518.0,4287.734,4312.19,4000.061,4107.996,45706219400
2015-07-03,4017.202,4164.629,3785.902,3885.917,42930085000,538216869728.0,4017.202,4164.629,3785.902,3885.917,42930085000
2015-07-06,4218.266,4218.266,3832.468,3998.537,64809453000,779558044352.0,4218.266,4218.266,3832.468,3998.537,64809453000
2015-07-07,3877.854,3960.636,3743.624,3928.003,67938500700,795962644454.0,3877.854,3960.636,3743.624,3928.003,67938500700
2015-07-08,3651.06,3762.622,3612.254,3663.038,58146709700,640122398881.0,3651.06,3762.622,3612.254,3663.038,58146709700
2015-07-09,3621.68,3930.264,3537.826,3897.626,50387061000,564744043358.0,3621.68,3930.264,3537.826,3897.626,50387061000
2015-07-10,3916.272,4179.111,3887.551,4106.556,50070180200,629079512954.0,3916.272,4179.111,3887.551,4106.556,50070180200
2015-07-13,4132.231,4278.161,4072.43,4211.812,50209218600,659251724205.0,4132.231,4278.161,4072.43,4211.812,50209218600
2015-07-14,4178.63,4258.513,4062.5,4112.149,45442200900,597521262486.0,4178.63,4258.513,4062.5,4112.149,45442200900
2015-07-15,4068.88,4114.243,3899.508,3966.759,42195636700,514064532339.0,4068.88,4114.243,3899.508,3966.759,42195636700
2015-07-16,3949.639,4067.022,3856.321,3997.356,33053134500,410050894560.0,3949.639,4067.022,3856.321,3997.356,33053134500
2015-07-17,4023.757,4190.186,4000.231,4151.496,33110713100,435597103716.0,4023.757,4190.186,4000.231,4151.496,33110713100
2015-07-20,4157.06,4221.693,4106.389,4160.612,35267347200,483493894661.0,4157.06,4221.693,4106.389,4160.612,35267347200
2015-07-21,4109.761,4201.482,4081.704,4166.0059999999985,31837494500,431695843789.0,4109.761,4201.482,4081.704,4166.0059999999985,31837494500
2015-07-22,4148.56,4187.431,4094.712,4157.16,31894599700,441832505196.0,4148.56,4187.431,4094.712,4157.16,31894599700
2015-07-23,4158.932,4262.062,4148.824000000001,4250.805,35447175900,483972220006.0,4158.932,4262.062,4148.824000000001,4250.805,35447175900
2015-07-24,4255.198,4299.65,4154.617,4176.279,39204537300,535901647230.0,4255.198,4299.65,4154.617,4176.279,39204537300
2015-07-27,4097.7959999999985,4156.313,3817.169,3818.731,36505451100,477952010794.0,4097.7959999999985,4156.313,3817.169,3818.731,36505451100
2015-07-28,3690.974,3883.446,3627.421,3811.093,38352721600,482654543336.0,3690.974,3883.446,3627.421,3811.093,38352721600
2015-07-29,3839.959,3934.003,3769.189,3930.379,27697284500,372287868068.0,3839.959,3934.003,3769.189,3930.379,27697284500
2015-07-30,3915.78,3968.534,3802.882,3815.412,27154866500,376351170573.0,3915.78,3968.534,3802.882,3815.412,27154866500
2015-07-31,3777.155,3863.624,3757.989,3816.699,22237676700,299312543754.0,3777.155,3863.624,3757.989,3816.699,22237676700
2015-08-03,3766.072,3829.235,3742.578,3829.235,24580503000,309631297700.0,3766.072,3829.235,3742.578,3829.235,24580503000
2015-08-04,3827.373,3948.449,3801.028,3948.155,22023655600,288756503266.0,3827.373,3948.449,3801.028,3948.155,22023655600
2015-08-05,3937.623,3962.277,3858.66,3866.9,20048426900,272693513971.0,3937.623,3962.277,3858.66,3866.9,20048426900
2015-08-06,3802.928,3888.693,3793.237,3831.852,14727869400,195532363765.0,3802.928,3888.693,3793.237,3831.852,14727869400
2015-08-07,3866.43,3926.649,3857.908,3906.945,18334915300,246546119056.0,3866.43,3926.649,3857.908,3906.945,18334915300
2015-08-10,3947.472,4101.731,3932.842,4084.365,30678054000,401702020648.0,3947.472,4101.731,3932.842,4084.365,30678054000
2015-08-11,4083.589,4110.133,4042.004,4066.669,32203419100,416996541243.0,4083.589,4110.133,4042.004,4066.669,32203419100
2015-08-12,4025.674,4078.03,4015.355,4016.126,25514619600,339799364935.0,4025.674,4078.03,4015.355,4016.126,25514619600
2015-08-13,4010.013,4075.7,3967.821,4075.463,24283697900,319887602964.0,4010.013,4075.7,3967.821,4075.463,24283697900
2015-08-14,4097.918,4113.1590000000015,4056.727,4073.54,25339299600,340076813259.0,4097.918,4113.1590000000015,4056.727,4073.54,25339299600
2015-08-17,4058.113,4081.772,4009.99,4077.872,25693963800,336830563044.0,4058.113,4081.772,4009.99,4077.872,25693963800
2015-08-18,4084.311,4103.054,3816.554,3825.412,31988107000,424924184411.0,4084.311,4103.054,3816.554,3825.412,31988107000
2015-08-19,3748.266,3898.74,3668.192,3886.136,26904983900,340923470856.0,3748.266,3898.74,3668.192,3886.136,26904983900
2015-08-20,3848.403,3880.824,3761.454,3761.454,21216796500,270576698834.0,3848.403,3880.824,3761.454,3761.454,21216796500
2015-08-21,3714.289,3757.7790000000014,3578.175,3589.536,21798640300,267498426435.0,3714.289,3757.7790000000014,3578.175,3589.536,21798640300
2015-08-24,3454.598,3468.1490000000013,3266.55,3275.534,25543665200,273124228208.0,3454.598,3468.1490000000013,3266.55,3275.534,25543665200
2015-08-25,3070.007,3200.108,3019.556,3042.927,27608130600,281160333742.0,3070.007,3200.108,3019.556,3042.927,27608130600
2015-08-26,3062.566,3192.932,2952.008,3025.692,30827062300,312188248685.0,3062.566,3192.932,2952.008,3025.692,30827062300
2015-08-27,3092.812,3206.724,3028.398,3205.638,26729493000,278769983405.0,3092.812,3206.724,3028.398,3205.638,26729493000
2015-08-28,3246.236,3353.244,3223.622000000001,3342.286,29949842600,318763482694.0,3246.236,3353.244,3223.622000000001,3342.286,29949842600
2015-08-31,3307.396,3368.2790000000005,3205.537000000001,3366.536,28025040300,306610891136.0,3307.396,3368.2790000000005,3205.537000000001,3366.536,28025040300
2015-09-01,3296.5290000000005,3370.5040000000013,3190.578,3362.083,35245852800,351387828324.0,3296.5290000000005,3370.5040000000013,3190.578,3362.083,35245852800
2015-09-02,3220.851,3387.02,3213.637,3365.8320000000012,34778941200,348986389305.0,3220.851,3387.02,3213.637,3365.8320000000012,34778941200
2015-09-07,3347.293,3422.225,3240.243,3250.485,20422443100,221756790269.0,3347.293,3422.225,3240.243,3250.485,20422443100
2015-09-08,3221.789,3340.219,3170.807,3334.023,15459963100,168294750030.0,3221.789,3340.219,3170.807,3334.023,15459963100
2015-09-09,3344.824,3426.651,3330.29,3399.305,22046742100,258815794996.0,3344.824,3426.651,3330.29,3399.305,22046742100
2015-09-10,3349.281,3398.316,3337.311,3357.561,14488297100,168108269695.0,3349.281,3398.316,3337.311,3357.561,14488297100
2015-09-11,3349.877,3383.134,3315.478,3347.188,10854750800,130262410873.0,3349.877,3383.134,3315.478,3347.188,10854750800
2015-09-14,3367.642000000001,3373.921,3187.566,3281.132,20545725100,226168550065.0,3367.642000000001,3373.921,3187.566,3281.132,20545725100
2015-09-15,3208.744,3240.079,3131.98,3152.232,14355564100,145989213753.0,3208.744,3240.079,3131.98,3152.232,14355564100
2015-09-16,3149.158,3345.918,3131.37,3309.248,15970999400,168269840344.0,3149.158,3345.918,3131.37,3309.248,15970999400
2015-09-17,3287.657,3354.905,3236.999000000001,3236.999000000001,16940188100,190270181393.0,3287.657,3354.905,3236.999000000001,3236.999000000001,16940188100
2015-09-18,3254.443,3280.877,3227.834000000001,3251.273,10690348100,121752531747.0,3254.443,3280.877,3227.834000000001,3251.273,10690348100
2015-09-21,3222.603,3312.55,3211.934,3308.247000000001,12278866800,145323018237.0,3222.603,3312.55,3211.934,3308.247000000001,12278866800
2015-09-22,3312.366,3371.414,3303.184,3339.03,14622198500,172492862561.0,3312.366,3371.414,3303.184,3339.03,14622198500
2015-09-23,3290.071,3315.935,3253.333,3263.028,12317143900,136885975737.0,3290.071,3315.935,3253.333,3263.028,12317143900
2015-09-24,3278.896,3300.857,3255.902,3284.999000000001,10201123800,120820642496.0,3278.896,3300.857,3255.902,3284.999000000001,10201123800
2015-09-25,3272.665,3290.858,3201.914,3231.951,12141927800,137602168790.0,3272.665,3290.858,3201.914,3231.951,12141927800
2015-09-28,3226.607,3246.554,3186.507,3242.752,7421946800,88007466971.0,3226.607,3246.554,3186.507,3242.752,7421946800
2015-09-29,3197.2209999999995,3208.417,3159.042,3178.854000000001,8715063300,96691510035.0,3197.2209999999995,3208.417,3159.042,3178.854000000001,8715063300
2015-09-30,3195.901,3223.908,3186.767000000001,3202.948,7855934900,95881598729.0,3195.901,3223.908,3186.767000000001,3202.948,7855934900
2015-10-08,3324.981,3337.331,3294.605,3296.482,13208176800,164120601354.0,3324.981,3337.331,3294.605,3296.482,13208176800
2015-10-09,3302.36,3352.3790000000013,3293.965,3340.116,12435250000,144731343186.0,3302.36,3352.3790000000013,3293.965,3340.116,12435250000
2015-10-12,3351.139,3486.631,3347.251,3447.693,22140046800,263706468495.0,3351.139,3486.631,3347.251,3447.693,22140046800
2015-10-13,3422.477000000001,3452.045,3413.967,3445.043,14543378600,174978937957.0,3422.477000000001,3452.045,3413.967,3445.043,14543378600
2015-10-14,3431.135,3458.702,3403.231,3406.112,15217393800,174599255680.0,3431.135,3458.702,3403.231,3406.112,15217393800
2015-10-15,3403.389,3486.815,3402.316,3486.815,17115829900,201881880361.0,3403.389,3486.815,3402.316,3486.815,17115829900
2015-10-16,3508.518,3537.539,3487.104000000001,3534.065,20896470900,252211491386.0,3508.518,3537.539,3487.104000000001,3534.065,20896470900
2015-10-19,3548.953,3572.995,3502.505,3534.182,20760674400,254890985147.0,3548.953,3572.995,3502.505,3534.182,20760674400
2015-10-20,3527.875,3577.798,3510.437,3577.703,17902510800,226525577194.0,3527.875,3577.798,3510.437,3577.703,17902510800
2015-10-21,3580.838,3601.243,3417.412000000001,3473.2540000000013,28207605000,326886985805.0,3580.838,3601.243,3417.412000000001,3473.2540000000013,28207605000
2015-10-22,3453.201,3530.766,3442.307,3524.534,18430558000,223583606540.0,3453.201,3530.766,3442.307,3524.534,18430558000
2015-10-23,3536.843,3581.836,3515.822,3571.241,19829447800,247059685203.0,3536.843,3581.836,3515.822,3571.241,19829447800
2015-10-26,3614.702,3620.756,3561.192,3589.261,20424886300,270489759134.0,3614.702,3620.756,3561.192,3589.261,20424886300
2015-10-27,3569.449,3601.053,3486.102000000001,3592.8790000000013,19205614000,239042538536.0,3569.449,3601.053,3486.102000000001,3592.8790000000013,19205614000
2015-10-28,3575.805,3598.172,3517.21,3524.92,17097709800,213303023833.0,3575.805,3598.172,3517.21,3524.92,17097709800
2015-10-29,3539.978,3561.814000000001,3507.966,3533.307,12701044600,161051885808.0,3539.978,3561.814000000001,3507.966,3533.307,12701044600
2015-10-30,3530.223,3574.473,3497.568,3534.079,13914191400,183317149529.0,3530.223,3574.473,3497.568,3534.079,13914191400
2015-11-02,3489.225,3543.45,3474.712,3475.962,13000256800,167455101934.0,3489.225,3543.45,3474.712,3475.962,13000256800
2015-11-03,3484.722,3501.704,3452.62,3465.493,10140187600,132231502584.0,3484.722,3501.704,3452.62,3465.493,10140187600
2015-11-04,3477.159,3628.538,3477.159,3628.538,20542386500,266955889953.0,3477.159,3628.538,3477.159,3628.538,20542386500
2015-11-05,3630.782,3781.409,3627.301,3705.97,39804656800,495138171518.0,3630.782,3781.409,3627.301,3705.97,39804656800
2015-11-06,3698.342,3801.705,3694.657,3793.374,29875307600,389779446699.0,3698.342,3801.705,3694.657,3793.374,29875307600
2015-11-09,3796.379,3891.773,3796.379,3840.355,35680482300,463161707601.0,3796.379,3891.773,3796.379,3840.355,35680482300
2015-11-10,3806.669,3876.49,3798.821,3833.238,28651960300,380910629424.0,3806.669,3876.49,3798.821,3833.238,28651960300
2015-11-11,3828.448,3843.112,3781.41,3833.646,23223429600,307008336072.0,3828.448,3843.112,3781.41,3833.646,23223429600
2015-11-12,3841.738,3843.9,3771.274,3795.324,21753764700,302446791881.0,3841.738,3843.9,3771.274,3795.324,21753764700
2015-11-13,3756.204,3793.713,3727.585,3746.242,20348989100,281961129453.0,3756.204,3793.713,3727.585,3746.242,20348989100
2015-11-16,3682.735,3764.409,3680.073,3764.126,16169090100,227483711616.0,3682.735,3764.409,3680.073,3764.126,16169090100
2015-11-17,3790.426,3852.774,3750.157,3758.387,24853307100,365138598381.0,3790.426,3852.774,3750.157,3758.387,24853307100
2015-11-18,3760.456,3771.847,3706.31,3715.58,18568949500,254137953313.0,3760.456,3771.847,3706.31,3715.58,18568949500
2015-11-19,3725.622,3775.232,3714.675,3774.969,15463198900,204557606993.0,3725.622,3775.232,3714.675,3774.969,15463198900
2015-11-20,3778.884,3793.545,3757.026,3774.383,18695168900,242295089781.0,3778.884,3793.545,3757.026,3774.383,18695168900
2015-11-23,3774.436,3802.851,3743.405,3753.335,17562681200,234640979610.0,3774.436,3802.851,3743.405,3753.335,17562681200
2015-11-24,3745.761,3754.169,3702.737,3753.889,14338328300,192495095083.0,3745.761,3754.169,3702.737,3753.889,14338328300
2015-11-25,3747.759,3781.857,3735.716,3781.607,15194494100,215125047954.0,3747.759,3781.857,3735.716,3781.607,15194494100
2015-11-26,3795.245,3805.844,3756.823,3759.429,17352546800,239797205559.0,3795.245,3805.844,3756.823,3759.429,17352546800
2015-11-27,3739.096,3742.742,3534.39,3556.992,20893935800,269758168475.0,3739.096,3742.742,3534.39,3556.992,20893935800
2015-11-30,3554.89,3587.97,3455.068,3566.412000000001,17320116300,220098287801.0,3554.89,3587.97,3455.068,3566.412000000001,17320116300
2015-12-01,3562.3190000000004,3617.305,3536.116,3591.696,13653655400,176598805608.0,3562.3190000000004,3617.305,3536.116,3591.696,13653655400
2015-12-02,3587.758,3725.854,3573.403,3721.955,21353886500,260938692616.0,3587.758,3725.854,3573.403,3721.955,21353886500
2015-12-03,3709.547,3758.446,3693.137,3749.299,19776212600,236698987440.0,3709.547,3758.446,3693.137,3749.299,19776212600
2015-12-04,3719.734,3726.124,3667.291,3677.592,15119952200,196455597757.0,3719.734,3726.124,3667.291,3677.592,15119952200
2015-12-07,3681.582,3699.337,3658.578,3687.607,11388315000,161220059836.0,3681.582,3699.337,3658.578,3687.607,11388315000
2015-12-08,3668.839,3668.839,3619.445,3623.02,12578108300,163317229186.0,3668.839,3668.839,3619.445,3623.02,12578108300
2015-12-09,3613.42,3655.159,3611.49,3635.938,11332542200,154319992100.0,3613.42,3655.159,3611.49,3635.938,11332542200
2015-12-10,3634.366,3678.318,3615.991,3623.084,12021562500,168622188283.0,3634.366,3678.318,3615.991,3623.084,12021562500
2015-12-11,3605.372,3630.744,3578.146,3608.059,11032248100,145248640244.0,3605.372,3630.744,3578.146,3608.059,11032248100
2015-12-14,3573.884,3712.503,3570.998,3711.322,15176911900,203291513291.0,3573.884,3712.503,3570.998,3711.322,15176911900
2015-12-15,3707.73,3717.357,3679.23,3694.389,12648171000,186795461663.0,3707.73,3717.357,3679.23,3694.389,12648171000
2015-12-16,3703.95,3713.09,3677.45,3685.44,11134272300,160118243242.0,3703.95,3713.09,3677.45,3685.44,11134272300
2015-12-17,3712.783,3768.844,3709.851,3755.888,17792407500,242543823434.0,3712.783,3768.844,3709.851,3755.888,17792407500
2015-12-18,3754.96,3810.218,3750.925,3767.913,17346598000,232281458171.0,3754.96,3810.218,3750.925,3767.913,17346598000
2015-12-21,3762.097,3877.82,3759.989,3865.965,21743527500,289905289214.0,3762.097,3877.82,3759.989,3865.965,21743527500
2015-12-22,3872.098,3880.468,3841.593,3876.733,18030366100,243797366698.0,3872.098,3880.468,3841.593,3876.733,18030366100
2015-12-23,3877.872,3926.686,3862.965,3866.381,20701714700,294710770246.0,3877.872,3926.686,3862.965,3866.381,20701714700
2015-12-24,3858.135,3867.679,3787.084,3829.402,14718139700,203683543579.0,3858.135,3867.679,3787.084,3829.402,14718139700
2015-12-25,3832.085,3848.025,3813.204,3838.201,11962401300,163314511431.0,3832.085,3848.025,3813.204,3838.201,11962401300
2015-12-28,3847.532,3853.389,3727.632,3727.632,15398844000,210026020459.0,3847.532,3853.389,3727.632,3727.632,15398844000
2015-12-29,3723.05,3762.052,3710.48,3761.875,10188555500,140405054699.0,3723.05,3762.052,3710.48,3761.875,10188555500
2015-12-30,3762.914,3765.657,3726.278,3765.175,10562995500,155744099319.0,3762.914,3765.657,3726.278,3765.175,10562995500
2015-12-31,3760.9040000000014,3772.617,3727.325,3731.005,10187355600,145043696235.0,3760.9040000000014,3772.617,3727.325,3731.005,10187355600
